Category	Average frequency	Decade
instruments	2.759729483981435e-05	1990
weapons	0.00019902568144117847	1990
flowers	6.0399570205821066e-05	1990
insects	4.026795676049832e-05	1990
pleasant	0.001822405196530386	1990
unpleasant	0.0006833362952739885	1990
