Category	Average frequency
instruments	2.759729483981435e-05
weapons	0.00019902568144117847
flowers	6.0399570205821066e-05
insects	4.026795676049832e-05
pleasant	0.001822405196530386
unpleasant	0.0006833362952739885
