Category	Average frequency	Word	Decade
instruments	1.9606411295009543e-06	violin	1990
weapons	5.7587259671095555e-06	whip	1990
flowers	2.4883586164753354e-06	zinnia	1990
insects	1.3198429467986544e-06	weevil	1990
pleasant	5.5628229582903134e-05	vacation	1990
unpleasant	2.2610147725814205e-05	prison	1990
